ghtorrent_id,owner,name,commit_passed,commit_failed,pr_passed,pr_failed,relevant,travis_id,nr_contributors,nr_changes,age,lang
63,pculture,unisubs,0,0,0,0,false,133943,15,7870,930,Python
127,mozilla,addon-sdk,0,100,0,57,false,26202,17,4037,1345,Python
190,Netflix,SimianArmy,0,0,0,0,false,326498,47,269,608,Java
310,intridea,grape,267,86,376,61,true,101,14,768,1312,Ruby
312,Katello,katello,2985,1545,1682,324,true,122078,36,18985,693,Ruby
340,netty,netty,2,1,12,17,false,389878,16,8459,1213,Java
418,sunpy,sunpy,421,281,226,80,true,140071,15,1861,943,Python
474,mozilla,mozbase,15,5,315,11,true,26414,17,573,891,Python
489,Shopify,active_merchant,669,190,918,200,true,577,273,2110,2116,Ruby
587,heroku,heroku-buildpack-ruby,81,125,342,322,true,27290,44,1256,1017,Ruby
608,errbit,errbit,151,51,544,141,true,1507,10,965,1310,Ruby
613,MovingBlocks,Terasology,0,0,0,0,false,94717,64,1810,1098,Java
657,spree,spree_reviews,17,15,59,28,true,54362,33,302,757,Ruby
687,gwu-libraries,launchpad,124,9,114,30,true,807414,10,886,654,Python
714,puppetlabs,puppet-docs,0,0,0,0,false,21724,150,2045,1269,Ruby
750,ros,rosdistro,2878,246,2838,105,true,322930,18,7483,785,Python
772,mozilla,socorro,0,0,0,0,false,26398,18,4204,925,Python
774,mozilla,Socorro-Tests,0,0,0,0,false,26349,40,484,1035,Python
807,openmicroscopy,bioformats,1091,115,512,38,true,380238,47,10444,884,Java
847,puppetlabs,puppet,1679,426,1240,60,true,7776,195,12422,1269,Ruby
853,rapid7,metasploit-framework,4428,240,1966,89,true,323760,65,19099,919,Ruby
860,mozilla,bedrock,0,0,0,0,false,26337,18,5336,1057,Python
937,grails,grails-core,0,0,0,0,false,20833,11,8734,1485,Java
961,ipython,ipython,3570,845,1506,126,true,74567,14,10962,1396,Python
1008,zendframework,zf2-documentation,0,0,0,0,false,137221,12,3155,605,Python
1113,travis-ci,travis-core,499,229,1794,659,true,3323,39,2832,850,Ruby
1142,saltstack,salt,0,0,2754,5024,false,12292,15,20822,1110,Python
1282,Pylons,pyramid,218,23,452,55,true,28402,19,4315,1229,Python
1299,ooici,coi-services,0,0,0,0,false,155448,43,8764,860,Python
1301,heroku,heroku,153,127,881,350,true,2734,32,2731,1814,Ruby
1334,rails,rails,2450,1337,5767,3715,true,891,37,44024,2155,Ruby
1523,mozilla,marketplace-tests,0,0,0,0,false,26480,40,962,748,Python
1528,spree,spree-guides,0,0,0,0,false,54334,51,1744,1295,Ruby
1678,cucumber,cucumber,256,137,381,184,true,265,33,1900,2149,Ruby
1799,Theano,Theano,1168,532,594,66,true,142234,10,11694,939,Python
1957,Bukkit,CraftBukkit,0,0,0,0,false,125041,14,3460,1158,Java
1958,infinispan,infinispan,0,0,0,0,false,245044,29,8981,1218,Java
1965,cakephp,docs,0,0,0,0,false,38083,30,3409,1079,Python
2093,fog,fog,1393,550,968,276,true,27342,53,6915,1753,Ruby
2244,thoughtbot,factory_girl,78,20,311,57,true,1116,81,474,2102,Ruby
2247,newrelic,rpm,49,17,152,38,true,190514,13,4171,1952,Ruby
2281,gradle,gradle,0,0,51,2,false,169501,15,9414,1639,Java
2309,BroadleafCommerce,DemoSite,0,0,0,0,false,,14,928,695,Java
2532,OpenMRS,openmrs-module-htmlformentry,0,0,0,0,false,,23,300,857,Java
2713,openshift,rhc,0,0,0,0,false,,12,1301,961,Ruby
2719,mperham,sidekiq,462,124,594,115,true,7939,13,1528,780,Ruby
2812,diaspora,diaspora,1308,917,876,1525,true,42,28,12871,1268,Ruby
2863,ooici,ion-definitions,0,0,0,0,false,155446,44,2125,863,Java
2888,fluent,fluentd,124,26,172,35,true,83708,11,673,991,Ruby
2980,technicalpickles,homesick,54,6,68,1,false,419591,14,144,1463,Ruby
3329,opscode-cookbooks,windows,0,0,0,0,false,237140,29,203,722,Ruby
3450,pentaho,big-data-plugin,0,0,0,0,false,882129,52,687,643,Java
3465,Netflix,servo,0,0,0,0,false,37770,104,389,811,Java
3479,github,github-services,0,0,1,2,false,419,33,1465,1392,Ruby
3594,droolsjbpm,jbpm,0,0,0,0,false,806865,55,1792,1261,Java
3671,NoamB,sorcery,56,51,90,73,true,7583,12,341,1132,Ruby
3680,ceylon,ceylon-lang.org,0,0,0,0,false,108071,16,1171,960,Ruby
3721,ceylon,ceylon-spec,0,0,0,0,false,108068,16,2224,1137,Java
3732,ceylon,ceylon-ide-eclipse,0,0,0,0,false,108072,15,3255,945,Java
3918,Yelp,mrjob,188,31,136,0,false,118377,13,1385,1240,Python
3923,mongodb,docs,0,0,0,0,false,20763,18,6786,895,Python
3932,opscode-cookbooks,mysql,28,61,27,43,true,237084,34,433,722,Ruby
3944,Kozea,WeasyPrint,0,0,38,154,false,14107,15,525,940,Python
4023,allegro,ralph,54,15,33,11,true,192806,10,4263,658,Python
4068,jruby,jruby,293,307,1651,1330,true,10075,22,13494,1796,Ruby
4095,elasticsearch,elasticsearch,14,3,11,61,false,84396,10,10206,1487,Java
4114,CocoaPods,CocoaPods,225,226,776,627,true,7722,48,2211,935,Ruby
4179,meltmedia,cadmium,0,0,0,0,false,188123,40,787,680,Java
4563,voldemort,voldemort,0,0,0,0,false,,18,550,1740,Java
4573,infochimps-labs,ironfan,0,0,0,0,false,47426,16,684,1392,Ruby
4660,twitter,twitter-cldr-rb,136,39,274,105,true,11495,226,554,740,Ruby
4751,Catrobat,Catroid,0,0,0,0,false,875464,166,15001,646,Java
4765,bigbluebutton,bigbluebutton,0,0,0,0,false,453806,15,5332,1381,Java
4779,sunlightlabs,openstates,0,0,0,0,false,25041,12,8253,1834,Python
4798,opscode-cookbooks,apache2,28,29,21,13,true,237020,29,267,722,Ruby
4927,collectionspace,application,0,0,0,0,false,1399774,12,1127,771,Java
5016,rails,activeresource,70,9,48,2,false,10121,28,129,723,Ruby
5125,rcbops-cookbooks,glance,0,0,0,0,false,1128672,21,441,702,Python
5184,toastdriven,django-haystack,0,55,0,27,false,85214,13,726,1862,Python
5210,square,okhttp,319,251,501,343,true,132351,19,1558,591,Java
5245,sferik,twitter,109,23,651,131,true,100399,11,1566,2212,Ruby
5378,Bukkit,Bukkit,0,0,0,0,false,125039,15,1612,1159,Java
5400,ooici,pyon,0,0,0,0,false,155445,44,2340,939,Python
5465,isenseDev,iSENSE-Hardware,0,0,0,0,false,1278036,11,1984,811,Java
5516,geoserver,geoserver,39,211,78,182,true,365717,30,3070,847,Java
5520,CocoaPods,Specs,0,0,0,0,false,8424,440,22718,907,Ruby
5556,Sage-Bionetworks,SynapseWebClient,0,0,0,0,false,1269957,16,3629,664,Java
5591,puppetlabs,facter,430,112,464,9,true,21726,195,1722,1269,Ruby
5626,sampsyo,beets,329,43,778,43,true,10355,19,2363,1305,Python
5640,arduino,Arduino,0,0,0,0,false,616635,11,2240,1266,Java
6026,gitlabhq,gitlabhq,1217,1204,1915,1414,true,3723,17,7943,886,Ruby
6413,twitter,commons,17,162,48,356,true,51866,338,674,1101,Java
6468,ModeShape,modeshape,0,0,0,0,false,270231,13,4319,1149,Java
6570,puppetlabs,hiera,98,1,137,0,false,21762,178,414,1006,Ruby
6584,Shopify,liquid,170,56,272,87,true,576,271,602,2128,Ruby
6606,toastdriven,django-tastypie,240,130,124,83,true,15713,14,1116,1438,Python
6923,rightscale,rightscale_cookbooks,0,0,0,0,false,116721,151,1807,679,Ruby
6966,CeON,CoAnSys,0,0,0,0,false,1770550,12,1339,594,Java
6994,cucumber,gherkin,78,61,177,64,true,2773,33,1484,1647,Ruby
7058,pry,pry,229,109,875,239,true,2347,14,1629,1185,Ruby
7233,sunspot,sunspot,113,117,187,83,true,2719,14,1151,1970,Ruby
7347,MarkUsProject,Markus,0,0,0,0,false,475806,89,2067,1257,Ruby
7511,Sage-Bionetworks,Synapse-Repository-Services,0,0,0,0,false,1269960,16,4187,653,Java
7537,kivy,kivy,0,17,0,17,false,289210,11,4451,1219,Python
7588,OpenMDAO,OpenMDAO-Framework,0,0,0,0,false,1393053,15,6629,983,Python
7608,reddit,reddit,0,0,0,0,false,,15,3277,2087,Python
7698,datamapper,do,6,8,40,36,true,1024,11,268,1865,Ruby
7894,RubyMoney,money,157,30,312,30,true,484,65,758,1952,Ruby
8127,matplotlib,matplotlib,1059,1165,547,493,true,60356,20,9978,1111,Python
8131,jclouds,jclouds,0,0,0,0,false,255242,24,9336,1500,Java
8381,nuxeo,nuxeo-core,0,0,0,0,false,1388728,22,1158,812,Java
8612,jboss-switchyard,components,0,0,0,0,false,245037,11,1069,1184,Java
8703,codeforamerica,brigade,166,18,351,114,true,11186,104,986,762,Ruby
9095,holderdeord,hdo-site,0,0,0,0,false,12038,24,2303,698,Ruby
9126,racker,rackspace-monitoring,49,8,116,16,true,14857,136,196,853,Python
9241,tangentlabs,django-oscar,657,223,1546,470,true,10386,57,4150,1184,Python
9354,freenet,fred-staging,0,0,0,0,false,782366,14,17146,1776,Java
9427,spree,spree,132,402,1097,2282,true,2286,12,16191,2187,Ruby
9615,forge,core,0,0,0,0,false,367056,11,4003,1046,Java
9774,podio,podio-rb,0,0,476,79,false,2794,12,523,1218,Ruby
9793,sympy,sympy,2962,2147,814,77,true,77015,21,16217,1406,Python
9807,exoplatform,social,0,0,0,0,false,381400,17,3140,701,Java
9840,mongodb,mongo-java-driver,85,11,451,81,true,20769,12,1905,1876,Java
10083,exoplatform,platform,0,0,0,0,false,381409,16,9356,700,Java
10182,exoplatform,exogtn,0,0,0,0,false,381369,15,1628,1182,Java
10252,dimagi,commcare-hq,0,0,0,0,false,85511,20,21370,1701,Python
10269,eucalyptus,eucalyptus,0,0,0,0,false,953207,13,12572,1017,Java
10384,exoplatform,ecms,0,0,0,0,false,381407,17,5460,700,Java
10412,intridea,omniauth,26,7,202,167,true,99,14,565,1437,Ruby
10646,opscode-cookbooks,chef-client,0,2,0,3,false,237035,31,394,722,Ruby
10667,hasgeek,flask-lastuser,0,0,72,10,false,99415,10,98,1021,Python
10882,pivotal,projectmonitor,18,21,443,96,true,96210,19,839,689,Ruby
11108,Sage-Bionetworks,Synapse-Stack-Builder,0,0,0,0,false,1269965,13,206,597,Java
11124,mbleigh,acts-as-taggable-on,133,39,134,39,true,1189,13,296,2176,Ruby
11321,travis-ci,travis-ci.github.com,0,0,0,0,false,16300,47,1545,992,Ruby
11379,alphagov,smart-answers,0,0,0,0,false,26161,118,5494,862,Ruby
11602,travis-ci,travis-cookbooks,87,7,249,22,true,16299,21,1373,1003,Ruby
11638,rtfd,readthedocs.org,145,32,589,123,true,50396,11,3005,1298,Python
11644,opscode-cookbooks,rabbitmq,0,0,0,0,false,237105,26,244,722,Ruby
11959,rails,strong_parameters,47,72,16,26,true,17529,25,205,723,Ruby
12031,rubinius,rubinius,0,0,0,0,false,1138,108,11355,2245,Ruby
12106,rcbops,chef-cookbooks,0,0,0,0,false,881682,39,5584,860,Ruby
12132,svenfuchs,rails-i18n,123,33,178,11,true,11194,10,574,2044,Ruby
12258,plataformatec,devise,216,99,621,171,true,28,27,2562,1632,Ruby
12333,droolsjbpm,drools,0,0,0,0,false,806876,39,9659,1112,Java
12392,collective,collective.developermanual,29,21,430,222,true,12665,409,2479,972,Python
12455,k9mail,k-9,0,0,0,0,false,55600,19,4136,1126,Java
12747,gregbell,active_admin,941,453,822,193,true,407,10,2470,1421,Ruby
12841,naparuba,shinken,0,0,0,0,false,231191,23,4568,1199,Python
12885,sferik,rails_admin,155,149,509,442,true,1140,12,2514,1313,Ruby
13001,osmandapp,Osmand,0,0,0,0,false,510510,10,7432,1146,Java
13021,thoughtbot,suspenders,163,88,293,180,true,3257,80,760,1392,Ruby
13116,dmwm,WMCore,0,0,0,0,false,1577951,24,9352,906,Python
13573,bndtools,bnd,0,0,0,0,false,738643,10,2076,1424,Java
13718,caelum,vraptor,113,22,134,8,true,31562,21,3671,1813,Java
13860,ruby,ruby,0,0,0,0,false,4231,21,33347,1468,Ruby
13915,kevinweil,elephant-bird,76,46,50,23,true,235146,10,698,1442,Java
14398,droolsjbpm,guvnor,0,0,0,0,false,806873,53,5592,1119,Java
14642,DIRACGrid,DIRAC,0,0,0,0,false,663845,24,15206,1065,Python
14901,autotest,autotest,0,40,0,37,false,1224415,25,8798,899,Python
14915,travis-ci,travis-ci,0,0,0,0,false,59,41,3941,1102,Ruby
15664,caktus,django-timepiece,90,6,195,38,true,85501,10,2764,885,Python
15806,weld,core,0,0,0,0,false,367042,21,4959,1309,Java
15841,plataformatec,simple_form,201,23,528,94,true,92,27,878,1529,Ruby
15985,gem,oq-engine,0,0,0,0,false,338435,30,6578,1347,Python
16166,guard,guard,139,75,518,289,true,33,12,871,1312,Ruby
16282,tablexi,nucore-open,0,0,0,0,false,285566,27,1526,1098,Ruby
16401,nuxeo,nuxeo-webengine,0,0,0,0,false,1388736,22,117,812,Java
16640,mozilla-services,mozservices,0,0,0,1,false,9876,11,220,869,Python
16719,BaseXdb,basex,0,0,313,43,false,8236,14,4413,1114,Java
16948,BroadleafCommerce,BroadleafCommerce,0,0,0,0,false,,12,4083,818,Java
16968,crowdint,rails3-jquery-autocomplete,48,10,42,5,true,8326,33,200,1329,Ruby
17032,Silverpeas,Silverpeas-Core,0,0,0,0,false,,11,3798,1130,Java
17042,Silverpeas,Silverpeas-Components,0,0,0,0,false,,11,1970,1130,Java
17196,basho,riak-python-client,68,98,106,131,true,11171,15,714,1420,Python
17307,aptana,studio3-rcp,0,0,0,0,false,313359,18,237,1603,Java
17345,jboss-switchyard,tools,0,0,0,0,false,245042,11,603,921,Java
17473,plone,Products.CMFPlone,0,0,0,0,false,50926,234,1801,893,Python
17589,thoughtbot,shoulda-matchers,366,158,378,256,true,2118,84,1138,1177,Ruby
17635,isenseDev,rSENSE,499,78,438,29,true,1278037,10,1888,582,Ruby
17735,fatfreecrm,fat_free_crm,40,44,520,613,true,2460,11,3442,1927,Ruby
17919,spree,spree_i18n,0,0,0,0,false,54335,34,815,1278,Ruby
18159,jenkinsci,warnings-plugin,0,0,0,0,false,73890,301,400,1178,Java
18170,shoes,shoes4,339,66,702,69,true,16034,19,1321,651,Ruby
18217,mozilla,zamboni,0,0,0,0,false,26191,30,11908,1595,Python
18260,adhearsion,adhearsion,62,79,261,572,true,6230,10,2125,1409,Ruby
18716,rubygems,rubygems,151,133,847,332,true,2221,13,5583,1420,Ruby
19117,pypa,virtualenv,148,30,233,16,true,14975,12,590,1096,Python
19428,mne-tools,mne-python,473,185,264,13,true,386476,19,3155,1133,Python
19443,puppetlabs,marionette-collective,59,2,79,0,false,21735,170,1059,1232,Ruby
19844,alphagov,publisher,0,19,0,55,false,26150,113,2713,976,Ruby
19849,nasa,mct,0,0,0,0,false,760079,12,485,674,Java
20225,ging,social_stream,0,0,0,0,false,836,10,1441,1259,Ruby
20429,thoughtbot,paperclip,137,111,338,269,true,898,83,1160,2156,Ruby
20500,mozilla,mcom-tests,0,0,0,0,false,26336,40,586,1057,Python
20768,customink,fauxhai,0,0,0,0,false,105331,20,160,606,Ruby
20786,cloudfoundry,bosh,0,0,0,0,false,25353,112,7351,703,Ruby
20796,hazelcast,hazelcast,0,0,0,0,false,1073173,15,6365,715,Java
20849,projectblacklight,blacklight,270,132,561,180,true,133138,12,2337,1588,Ruby
21093,jruby,activerecord-jdbc-adapter,72,75,133,162,true,2349,28,1984,2172,Ruby
21276,prawnpdf,prawn,153,49,313,35,true,211590,17,2119,2162,Ruby
21435,ops4j,org.ops4j.pax.web,2,2,97,272,false,10049,64,838,1266,Java
21597,geotools,geotools,83,49,170,126,true,1046777,27,3261,847,Java
21703,rightscale,right_link,0,0,0,0,false,116690,124,3300,1693,Ruby
21750,nipy,dipy,639,173,209,20,true,60554,20,1179,1489,Python
22138,stapler,stapler,0,0,0,0,false,155030,11,497,1072,Java
22616,square,retrofit,400,30,481,72,true,78264,15,848,1277,Java
22668,Netflix,Priam,0,0,0,0,false,37768,103,757,960,Java
22811,opscode,ohai,296,108,387,134,true,143056,76,1752,1876,Ruby
22841,tomchristie,django-rest-framework,988,276,1281,147,true,101358,11,2789,1100,Python
22964,typesafehub,config,3,3,7,1,false,183915,21,257,821,Java
23043,Netflix,astyanax,0,0,0,0,false,37766,105,541,967,Java
23052,buildbot,buildbot,228,191,224,67,true,118394,12,3592,1339,Python
23280,opscode-cookbooks,nginx,18,49,17,21,true,237086,31,423,722,Ruby
23440,Zipwhip,zipwhip-api,0,0,0,0,false,,11,385,929,Java
23593,radiant,radiant,4,18,128,173,false,1547,16,493,2085,Ruby
23623,opscode,knife-ec2,107,52,91,9,true,143040,75,416,1095,Ruby
23710,rcbops-cookbooks,nova,0,0,0,0,false,1128671,21,718,702,Ruby
23903,convio,watirmark,3,0,180,19,false,317735,10,603,717,Ruby
24397,github,linguist,654,386,589,263,true,690,37,1555,1032,Ruby
24423,puppetlabs,puppetlabs-stdlib,172,47,87,21,true,21753,171,554,1017,Ruby
24440,mozilla-services,server-syncstorage,0,0,0,0,false,39045,11,380,764,Python
24575,collectionspace,services,0,0,0,0,false,1399775,12,2024,749,Java
24741,threerings,playn,5,1,165,9,false,214320,15,807,930,Java
24828,jboss-switchyard,quickstarts,0,0,0,0,false,245039,11,460,1106,Java
25097,plone,plone.app.theming,8,17,28,77,true,50922,235,316,893,Python
25156,alphagov,govuk_content_models,65,10,169,20,true,26131,91,1025,661,Ruby
25326,okfn,ckan,0,0,0,0,false,,18,13125,847,Python
25467,CloudifySource,cloudify,72,14,3775,1011,true,36256,14,6213,770,Java
25822,nltk,nltk,0,0,0,0,false,349990,11,8625,1641,Python
26287,collective,collective.facets,0,0,3,13,false,140009,256,38,582,Python
26423,CONNECT-Solution,CONNECT,0,34,0,20,false,1672115,29,7319,750,Java
26591,hibernate,hibernate-orm,0,0,0,0,false,376293,18,5017,1249,Java
26697,mcMMO-Dev,mcMMO,31,7,130,14,true,401923,11,5111,791,Java
27142,pypa,pip,0,0,0,0,false,8315,11,2213,1096,Python
27329,pydata,pandas,1064,421,2559,657,true,53976,11,9750,1290,Python
27693,thoughtbot,bourbon,0,0,0,0,false,17862,82,594,1048,Ruby
27716,exoplatform,jcr,0,0,0,0,false,381411,14,3173,700,Java
27859,thoughtbot,capybara-webkit,81,21,72,27,true,17864,82,474,1105,Ruby
27868,exoplatform,jcr-services,0,0,0,0,false,381394,10,263,701,Java
27986,mozilla,django-browserid,155,26,103,4,false,10087,32,235,961,Python
28021,exoplatform,wiki,0,0,0,0,false,381414,10,339,681,Java
28030,exoplatform,forum,0,0,0,0,false,381415,11,314,667,Java
28175,enthought,chaco,53,21,77,35,true,61819,83,1337,1133,Python
28304,django-extensions,django-extensions,150,57,251,56,true,16618,11,689,1811,Python
28824,cloudfoundry,cloud_controller_ng,176,78,889,348,true,139061,104,2804,623,Ruby
29408,OpenMRS,openmrs-module-xforms,0,0,0,0,false,,11,375,619,Java
29465,unepwcmc,SAPI,0,0,924,155,false,100680,13,4984,665,Ruby
30178,zendesk,zendesk_api_client_rb,57,4,414,48,false,16075,100,668,812,Ruby
30491,spree,spree_gateway,25,25,69,72,true,54358,13,352,808,Ruby
30965,hasgeek,hasjob,0,0,139,97,false,102238,11,371,1050,Python
31779,travis-ci,travis-build,260,77,608,130,true,2717,42,1102,885,Ruby
31845,nuxeo,nuxeo-distribution,0,0,0,0,false,1388729,22,1108,812,Java
31975,nuxeo,nuxeo-quota,0,0,0,0,false,1388774,22,239,801,Java
31995,nuxeo,nuxeo-social-collaboration,0,0,0,0,false,1388689,22,799,1129,Java
32076,floodlight,oftest,0,0,0,0,false,837020,34,493,785,Python
32709,jenkinsci,xunit-plugin,0,0,0,0,false,73891,301,456,1178,Java
33145,thoughtbot,clearance,152,77,77,26,true,7794,80,822,1989,Ruby
33666,axsh,wakame-vdc,1,0,2,2,false,424636,16,7579,1422,Ruby
33858,ceylon,ceylon.language,0,0,0,0,false,108073,14,2096,884,Java
33958,pyne,pyne,0,0,0,14,false,415577,20,1158,1041,Python
34627,aufdemrand,Denizen,0,0,0,0,false,519264,14,3195,732,Java
34884,kickstarter,slave_pools,8,2,17,7,false,134644,26,153,758,Ruby
35311,puppetlabs,puppetlabs_spec_helper,0,0,0,0,false,21810,74,101,805,Ruby
35349,lyonrb,biceps,4,0,17,0,false,115882,21,75,888,Ruby
35378,sensu,sensu-community-plugins,385,117,228,9,true,49088,15,978,812,Ruby
35649,gatein,gatein-portal,0,0,0,0,false,,19,4985,721,Java
35704,tinkerpop,blueprints,31,40,262,137,true,72672,14,1503,1487,Java
35770,rubygems,rubygems.org,127,68,473,246,true,1109,33,1373,1862,Ruby
35846,JetBrains,kotlin,0,0,0,0,false,380340,20,18576,752,Java
37843,DSpace,DSpace,383,17,306,9,true,678785,26,5328,720,Java
38823,sensu,sensu,332,119,277,45,true,12798,15,1657,969,Ruby
38896,dimagi,logistics,0,0,0,0,false,85539,28,3221,1123,Python
40080,concerto,concerto,201,33,1421,145,true,1021,13,2755,1476,Ruby
40428,akvo,akvo-rsr,0,0,0,0,false,490906,12,1750,1557,Python
40833,MagLev,maglev,89,83,219,181,true,55041,14,5057,1865,Ruby
40841,99designs,vacuumetrix,0,0,0,0,false,182339,24,64,626,Ruby
40854,enonic,cms-ce,0,0,0,0,false,1763477,12,4230,1071,Java
41004,thoughtbot,factory_girl_rails,10,14,7,24,true,17871,74,179,1382,Ruby
41127,4teamwork,ftw.book,0,0,0,0,false,682102,14,727,822,Python
41180,4teamwork,ftw.blog,0,0,0,0,false,682067,14,500,827,Python
41197,4teamwork,ftw.workspace,0,0,0,0,false,682068,14,540,827,Python
41465,alphagov,business-support-finder,0,0,0,0,false,98337,50,495,626,Ruby
41601,societies,SOCIETIES-Platform,0,0,0,0,false,1637227,57,4885,874,Java
41728,praekelt,vumi,489,233,732,300,true,92720,16,6428,1207,Python
42018,pivotal,jasmine-gem,27,17,114,38,true,3836,23,383,1526,Ruby
42086,opscode-cookbooks,apt,0,0,2,5,false,237028,26,222,722,Ruby
42087,duckduckgo,zeroclickinfo-fathead,0,0,0,0,false,293189,22,494,976,Python
42120,SonarCommunity,sonar-groovy,0,0,0,0,false,234506,28,167,617,Java
42335,AIFDR,inasafe,0,0,0,0,false,218632,17,4644,787,Python
42418,DawnScience,dawn-isenciaui,0,0,0,0,false,1284094,12,110,779,Java
42447,robworth,patientview,0,0,0,0,false,1353182,11,2228,652,Java
42568,4teamwork,ftw.upgrade,0,0,0,0,false,682053,13,247,833,Python
42734,nuxeo,nuxeo-features,0,0,0,0,false,1388731,22,2250,812,Java
42750,alphagov,panopticon,12,20,125,42,true,26145,122,1445,955,Ruby
42812,puppetlabs,puppetlabs-firewall,150,55,143,9,true,21752,59,446,1034,Ruby
42952,alphagov,whitehall,0,2,979,821,false,26167,123,20328,899,Ruby
43727,ipa320,cob_robots,0,0,0,0,false,218415,44,585,864,Python
43735,intalio,tempo,0,0,0,0,false,307129,23,1868,1848,Java
43858,eaudeweb,cites-meetings,0,0,0,0,false,324983,11,1125,714,Python
43875,xwiki,xwiki-platform,0,0,0,0,false,723910,18,5327,1092,Java
44108,alphagov,slimmer,0,0,0,0,false,26160,82,577,1058,Ruby
44265,seancribbs,webmachine-ruby,91,55,208,85,true,1534,17,342,1008,Ruby
44476,SUSE,spacewalk-testsuite-base,0,0,0,0,false,54286,13,422,680,Ruby
44682,mozilla-services,tokenserver,0,0,0,0,false,39041,11,437,804,Python
44967,nuxeo,nuxeo,0,0,0,0,false,1388726,22,826,812,Python
45316,openSUSE,open-build-service,298,200,1243,587,true,54205,13,11925,966,Ruby
45348,oe-alliance,enigma2-plugins,0,0,0,0,false,,19,569,612,Python
45527,dimagi,rapidsms-logistics,0,0,0,0,false,85569,20,529,973,Python
45614,puppetlabs,puppetlabs-apache,634,159,224,2,false,21723,186,906,1282,Ruby
45658,cloudera,hue,0,0,0,0,false,21855,34,2240,1354,Python
45947,expertiza,expertiza,12,26,37,169,true,242927,18,2338,1248,Ruby
46273,jenkinsci,ec2-plugin,0,0,0,0,false,73885,307,200,1178,Java
46754,vim-jp,vim-jp.github.com,7,0,123,6,false,294655,34,687,903,Ruby
46759,A24Group,ssGWT-lib,0,0,0,0,false,225002,16,653,639,Java
47633,jboss-switchyard,core,0,0,0,0,false,245036,11,863,1323,Java
48024,xwiki,xwiki-commons,0,0,0,0,false,723897,17,1773,1098,Java
48033,NGDATA,lilyproject,0,0,0,0,false,713771,13,1080,640,Java
48168,openframeworks,ofSite,0,0,0,0,false,1978510,13,931,808,Python
48485,OpenGamma,OG-Platform,0,0,0,0,false,290274,27,12746,1260,Java
48706,learning-unlimited,ESP-Website,94,253,188,541,true,1058742,36,8698,863,Python
48764,cucumber,cucumber-jvm,223,32,384,94,true,8013,32,1193,983,Java
49127,tdiary,tdiary-core,120,27,416,121,true,711,13,1536,1377,Ruby
49649,hasgeek,lastuser,17,20,45,57,true,173834,10,364,1113,Python
49895,Catrobat,Paintroid,0,0,0,0,false,875469,121,2508,588,Java
49956,opscode,omnibus-chef,0,0,0,0,false,143058,63,1281,688,Ruby
50013,OpenSlides,OpenSlides,892,266,397,10,true,314456,13,2032,583,Python
50119,JetBrains,Grammar-Kit,0,0,0,0,false,380328,13,393,945,Java
50297,Athas,EggsML,0,0,0,0,false,1097948,25,4148,1409,Python
50585,lizardsystem,lizard-damage,0,0,0,0,false,169671,13,410,584,Python
50901,Pylons,substanced,34,9,223,73,true,44553,14,1290,703,Python
51690,DawnScience,dawn-workflow,0,0,0,0,false,1284097,12,342,779,Java
51802,DawnScience,dawn-isencia,0,0,0,0,false,1284093,12,39,779,Java
52612,Kozea,pygal,0,0,0,0,false,55224,15,518,895,Python
53198,IVPR,Weave,0,0,0,0,false,,30,3360,1044,Java
53565,mantidproject,systemtests,0,0,0,0,false,535559,35,1020,875,Python
54795,campaignmonitor,createsend-java,0,0,88,9,false,111997,10,159,1103,Java
54878,imagej,imagej-tutorials,0,0,0,0,false,549491,14,82,581,Java
55068,materialsproject,pymatgen,0,0,0,0,false,358325,28,2289,865,Python
55219,JetBrains,intellij-community,0,0,0,0,false,380334,23,100315,888,Java
55816,collective,collective.quickupload,3,2,11,17,false,49729,256,199,745,Python
56043,4teamwork,ftw.tabbedview,0,0,0,0,false,682059,14,533,828,Python
56047,itm,testbed-runtime,0,0,27,12,false,1542596,20,1160,1366,Java
56447,cwi-swat,rascal,0,0,0,0,false,133708,16,3370,591,Java
56551,imagej,imagej,0,0,0,0,false,549483,18,4757,770,Java
56941,alphagov,signonotron2,0,0,0,0,false,26159,126,1394,701,Ruby
57895,CyanogenMod,android_packages_apps_CMWallpapers,0,0,0,0,false,35247,86,134,1079,Java
57932,CyanogenMod,android_packages_apps_Torch,0,0,0,0,false,35281,86,246,1305,Java
58364,openSUSE,software-o-o,0,0,0,1,false,54245,28,487,869,Ruby
58755,geosolutions-it,geostore,0,0,0,0,false,1146980,12,97,678,Java
58772,plone,buildout.coredev,0,0,0,0,false,50943,235,2444,893,Python
58827,alphagov,gds-api-adapters,0,0,0,0,false,26124,90,927,825,Ruby
58896,alphagov,govspeak,2,0,6,0,false,26130,63,164,972,Ruby
59344,travis-ci,travis-hub,13,6,694,170,true,3371,39,662,849,Ruby
59350,travis-ci,travis-worker,30,123,765,841,true,409,41,1133,1004,Ruby
59351,travis-ci,travis-api,96,13,743,172,true,119756,39,824,596,Ruby
59490,neo4j,spatial,9,0,43,9,false,72701,28,273,1485,Java
59519,alphagov,frontend,186,43,434,134,true,26123,131,3700,912,Ruby
59803,plone,plone.app.portlets,0,0,0,0,false,50920,234,504,893,Python
59903,societies,SOCIETIES-SCE-Services,0,0,0,0,false,1899760,34,806,839,Java
60101,Shopify,shopify_app,5,0,19,1,false,30638,97,175,1974,Ruby
60686,jboss-reddeer,reddeer,0,0,0,0,false,,16,737,590,Java
60891,codeforamerica,follow-all,4,0,491,82,false,190,62,571,1147,Ruby
61494,nuxeo,nuxeo-jsf,0,0,0,0,false,1388732,22,1447,812,Java
61551,mfoemmel,fig,0,0,0,0,false,1435479,15,488,1527,Ruby
62232,buddycloud,buddycloud-media-server,0,0,0,0,false,44897,15,223,668,Java
62373,ceylon,ceylon-compiler,0,0,0,0,false,108069,20,7813,1137,Java
62852,isfit,isfit.org,0,0,0,0,false,604163,11,534,1260,Ruby
63401,datasift,datasift-java,0,0,0,0,false,620221,21,218,1003,Java
64212,Pylons,colander,0,0,0,0,false,44516,20,257,1114,Python
64317,plone,plone.app.users,0,0,0,0,false,50932,149,292,893,Python
64396,DawnScience,dawn-product,0,0,0,0,false,1284101,12,276,779,Java
64496,mulesoft,mongo-connector,0,0,0,0,false,107371,82,279,1081,Java
64597,openshift,jenkins-cloud-plugin,0,0,0,0,false,108847,82,61,679,Java
65187,agiliq,merchant,0,0,0,0,false,421906,12,305,1254,Python
65288,makerbot,pyserial,0,0,0,0,false,528323,47,482,616,Python
65321,tomahawk-player,tomahawk-android,0,0,0,0,false,417625,19,507,600,Java
65747,infochimps-labs,ironfan-pantry,0,0,0,0,false,47446,10,1268,754,Ruby
66175,mozilla,dxr,0,0,0,0,false,26356,10,713,1017,Python
67190,railsbridge,docs,201,32,301,14,true,151718,14,598,884,Ruby
67424,wordnik,swagger-codegen,18,0,24,0,false,37002,24,663,974,Java
67522,griddynamics,jagger,0,0,0,0,false,179352,20,964,752,Java
67633,mozilla-services,android-sync,0,0,0,0,false,39022,10,4820,870,Java
67640,rightscale,right_support,0,0,0,0,false,116706,127,776,1091,Ruby
67874,openmicroscopy,openmicroscopy,2293,120,934,24,true,380237,50,16184,931,Java
68102,enthought,enstaller,141,30,290,88,true,61826,74,1523,1142,Python
68430,mulesoft,facebook-connector,0,0,0,0,false,107337,97,172,1053,Java
68610,belaban,JGroups,0,0,0,0,false,,11,16267,1215,Java
69299,nuxeo,nuxeo-drive,0,0,0,0,false,1388812,22,1638,643,Python
69314,plone,plone.app.layout,0,0,0,0,false,50934,235,547,893,Python
69357,mozilla,solitude,1,13,2,98,false,53669,25,731,639,Python
69792,rhomobile,rhomobile-docs,0,0,0,0,false,146180,33,1463,1133,Ruby
70254,JFrogDev,artifactory-client-java,0,0,0,0,false,591539,12,126,589,Java
70387,hasgeek,hasgeek.tv,0,35,0,98,false,173843,11,569,819,Python
70480,Jasig,uPortal,49,2,71,15,false,209517,25,11013,868,Java
70634,pentaho,mondrian,0,0,0,0,false,882128,50,3957,717,Java
70769,alphagov,rummager,38,9,78,31,true,26155,112,1844,856,Ruby
70783,codeforamerica,adopt-a-hydrant,13,2,589,135,false,194,51,687,1116,Ruby
70797,mulesoft,s3-connector,0,0,0,0,false,107421,99,262,1154,Java
70839,mulesoft,salesforce-connector,0,0,0,0,false,107422,88,478,1119,Java
71334,ceph,teuthology,0,0,0,0,false,448888,49,3437,909,Python
71374,pentaho,data-access,0,0,0,0,false,882124,51,1204,916,Java
72063,splunk,splunk-sdk-java,0,0,0,0,false,182082,58,855,1021,Java
72578,psu-stewardship,scholarsphere,1,2,81,53,false,464312,10,1508,889,Ruby
73635,digitalgreenorg,dg,0,0,0,0,false,,12,3804,848,Java
73747,wwagner33,solar,0,0,0,0,false,513615,24,1238,1203,Ruby
74063,opscode,omnibus-ruby,114,14,178,13,true,143060,46,711,751,Ruby
74349,ella,ella,0,0,105,42,false,50022,11,675,1841,Python
75274,collective,eea.facetednavigation,11,3,119,10,false,49810,256,239,765,Python
75605,commonsense,conceptnet5,0,0,0,0,false,1363917,32,212,897,Python
75619,fiji,fiji,0,0,0,0,false,549473,11,2240,1058,Java
75812,opscode,omnibus-software,0,0,0,0,false,143061,81,723,689,Ruby
75832,ooici,ion-ux,0,0,0,0,false,155450,43,1905,847,Python
76547,rightscale,right_api_client,0,0,0,0,false,116704,64,245,1228,Ruby
78275,coshx,coshx,0,0,0,0,false,109466,15,758,924,Ruby
78393,sonatype,sisu-guice,0,0,0,0,false,36866,27,218,1282,Java
79429,exoplatform,docs-style,0,0,0,0,false,381379,10,347,701,Java
81325,plone,plone.app.discussion,0,0,0,0,false,50914,231,527,893,Python
81423,mozilla-services,docs,0,0,0,0,false,39044,22,303,765,Python
82195,mozilla,Addon-Tests,0,0,0,0,false,26350,40,1841,1030,Python
83095,opscode,knife-azure,94,13,148,20,true,143038,71,709,638,Ruby
84749,tomahawk-player,homebrew-tomahawk,0,0,0,0,false,417624,19,73,679,Ruby
84985,exoplatform,integration,0,0,0,0,false,381386,10,408,701,Java
86192,plone,plone.app.contentrules,0,0,0,0,false,50938,149,217,893,Python
86465,nuxeo,nuxeo-chemistry,0,0,0,0,false,1388738,22,432,812,Java
86469,nuxeo,nuxeo-platform-faceted-search,0,0,0,0,false,1388752,22,368,812,Java
86589,4teamwork,ftw.pdfgenerator,0,0,0,0,false,682051,13,308,848,Python
86681,nuxeo,nuxeo-platform-user-registration,0,0,0,0,false,1388765,22,139,812,Java
87535,nuxeo,nuxeo-opensocial,0,0,0,0,false,1388745,22,417,812,Java
88971,nuxeo,nuxeo-dm,0,0,0,0,false,1388730,22,1154,812,Java
89329,nuxeo,nuxeo-services,0,0,0,0,false,1388734,22,796,812,Java
90432,ceph,ceph-cookbooks,4,11,9,0,false,448902,30,281,904,Ruby
90565,nuxeo,nuxeo-agenda,0,0,0,0,false,1388795,22,119,688,Java
91064,rapid7,nexpose-client,0,0,0,0,false,323761,42,328,867,Ruby
92010,sot,eng_archive,0,0,0,0,false,,10,429,960,Python
92224,genome,dgi-db,0,2,184,126,false,140764,41,761,633,Ruby
92535,molgenis,molgenis,0,0,0,0,false,,31,2606,1353,Java
94297,opscode-cookbooks,yum,11,12,33,25,true,237145,26,308,722,Ruby
94375,sonatype,nexus-maven-plugins,0,0,0,0,false,165066,30,521,630,Java
95180,rcbops-cookbooks,horizon,0,0,0,0,false,1128674,21,266,702,Ruby
95329,plasmodic,ecto,0,0,0,0,false,1388626,10,449,1015,Python
96622,causes,mock_redis,11,7,26,9,true,683848,39,165,973,Ruby
97464,mongodb,docs-ecosystem,0,0,0,0,false,102889,47,422,625,Python
102437,plone,plone.app.controlpanel,0,0,0,0,false,50929,231,586,893,Python
103508,HUSACCT,HUSACCT,0,0,0,0,false,982927,14,1618,715,Java
103713,sonian,elasticsearch-jetty,0,0,0,0,false,164283,27,170,906,Java
104115,saga-project,BigJob,0,0,0,8,false,1324084,10,802,793,Python
104697,xwiki,xwiki-enterprise,0,0,0,0,false,723906,17,2711,1094,Java
105576,xwiki,xwiki-rendering,0,0,0,0,false,723893,17,457,1106,Java
105762,akvo,akvo-flow,0,0,0,0,false,490913,13,1776,709,Java
107290,alethiophile,KBDH-VN,0,0,0,0,false,,13,849,728,Python
107969,jenkinsci,jclouds-plugin,0,0,0,0,false,73865,313,317,1179,Java
111425,r888888888,danbooru,0,0,0,2,false,13407,18,1945,1491,Ruby
112319,JFrogDev,build-info,0,0,0,0,false,591527,12,430,1110,Java
112751,rails,sprockets-rails,84,39,105,55,true,9990,32,171,1019,Ruby
115228,Qi4j,qi4j-sdk,0,0,0,12,false,14679,16,724,1195,Java
116115,plone,plone.app.multilingual,24,20,44,60,true,37289,235,498,980,Python
118301,railsgirls,railsgirls.github.com,0,0,0,0,false,66590,242,411,687,Ruby
119078,collectiveidea,tinder,12,5,39,6,true,1628,12,177,2217,Ruby
120232,droolsjbpm,droolsjbpm-integration,0,0,0,0,false,806874,37,939,1116,Java
122473,vmware-serengeti,serengeti-ws,0,0,0,0,false,631238,26,1131,635,Java
122606,zkoss,zk,0,0,0,0,false,,17,858,1021,Java
123437,saltstack,salt-contrib,0,0,0,0,false,318871,18,147,836,Python
123568,oe-alliance,oe-alliance-plugins,0,0,0,0,false,,20,554,617,Python
123745,jenkinsci,promoted-builds-plugin,0,0,0,0,false,73781,317,183,1179,Java
125032,plone,Products.Archetypes,0,0,0,0,false,50948,234,509,889,Python
125357,DawnScience,dawn-common,0,0,0,0,false,1284095,12,969,779,Java
125673,lizardsystem,lizard-map,0,0,12,146,false,77861,15,755,888,Python
126795,HiSPARC,publicdb,0,0,0,0,false,207462,12,900,749,Python
126912,Connexions,oer.exports,0,0,0,0,false,292474,24,1857,624,Python
128005,Talend,tesb-rt-se,0,0,0,0,false,234561,66,1007,1168,Java
128476,alphagov,imminence,43,2,110,8,false,26134,93,741,946,Ruby
128620,ceylon,ceylon-module-resolver,0,0,0,0,false,108074,14,410,832,Java
128749,mozilla,mozmill-ci,59,6,46,4,false,26464,41,477,804,Python
130401,exoplatform,calendar,0,0,0,0,false,381416,14,324,651,Java
132014,12spokes,tandem,0,0,0,2,false,193955,11,502,1462,Ruby
132590,ooici,marine-integrations,0,0,0,0,false,155456,10,1268,682,Python
134768,conversation,babushka-deps,0,0,0,0,false,211564,12,629,1093,Ruby
135818,unicefuganda,rapidsms-ureport,0,0,0,0,false,713416,11,986,933,Python
137149,causes,buffet,0,0,0,0,false,683847,26,227,973,Ruby
138238,bcdev,beam,0,0,0,0,false,,15,2996,1479,Java
140309,lizardsystem,lizard-fewsjdbc,0,0,21,4,false,77900,16,246,661,Python
140647,4teamwork,ftw.poodle,0,0,0,0,false,682089,14,229,826,Python
141140,mindsnacks,Zinc,23,3,67,8,false,512666,19,439,735,Python
141345,torchbox,vagrant-django-template,0,0,0,0,false,172508,13,77,751,Python
141358,4teamwork,ftw.table,0,0,0,0,false,682045,14,540,1077,Python
141927,rubyspec,rubyspec,0,2,0,6,false,29854,39,6700,2104,Ruby
142225,xebialabs,community-plugins,0,0,0,0,false,702057,13,457,897,Java
142238,BroadleafCommerce,blc-authorizenet,0,0,0,0,false,,12,101,577,Java
142306,BroadleafCommerce,blc-paypal,0,0,0,0,false,,12,95,577,Java
142564,jenkinsci,perforce-plugin,0,0,0,0,false,73782,317,210,1179,Java
143729,threerings,clyde,0,0,0,0,false,214297,16,635,1051,Java
144230,enStratus,documentation,0,0,0,0,false,144185,11,398,687,Python
144429,OpenMRS,openmrs-module-reporting,0,0,0,0,false,,33,695,625,Java
145091,plone,archetypes.referencebrowserwidget,0,0,0,0,false,37344,236,229,897,Python
145822,mysociety,mapit,16,0,70,17,false,90755,22,547,1353,Python
146799,plone,plonetheme.sunburst,0,0,0,0,false,50921,235,392,893,Python
146900,infochimps-labs,vayacondios,0,0,0,16,false,47436,10,468,1028,Ruby
147172,recurly,recurly-client-ruby,38,14,50,13,true,32287,10,320,1565,Ruby
150461,fusesource,mqtt-client,0,0,0,0,false,521641,22,74,810,Java
152604,pbs,pycaption,11,3,45,2,false,178262,53,93,643,Python
152649,Ilastik,volumina,0,0,168,127,false,6674,21,829,975,Python
152921,plone,plone.app.dexterity,0,0,0,0,false,37323,234,280,898,Python
153944,webdetails,cpf,0,0,0,0,false,1594519,12,485,730,Java
154208,alphagov,licence-finder,0,0,0,0,false,26138,90,553,679,Ruby
154882,isfit,internal.isfit.org,0,0,152,283,false,4306,12,663,977,Ruby
155751,ranguba,rroonga,0,0,309,540,false,53225,15,885,1416,Ruby
156467,rightscale,right_agent,0,0,0,0,false,116707,75,660,1010,Ruby
156699,JFXtras,jfxtras-labs,11,3,18,12,false,1339304,16,655,752,Java
158057,data-axle,cassandra_object,15,15,65,140,true,15810,13,359,1182,Ruby
158071,jboss-switchyard,release,0,0,0,0,false,245040,11,534,1011,Java
160532,couchbase,couchbase-java-client,0,0,0,0,false,27856,49,283,835,Java
160833,foursquare,twofishes,0,2,13,38,false,317988,34,955,748,Java
161036,thoughtbot,neat,0,0,0,0,false,174051,50,361,581,Ruby
161140,rs-services,cookbooks_internal,0,0,0,0,false,184009,35,1226,1157,Ruby
161254,collective,collective.cover,211,184,504,399,true,123348,420,1764,871,Python
162539,rosedu,wouso,0,0,0,0,false,256780,11,1794,815,Python
163173,Jasig,CalendarPortlet,0,0,0,0,false,209528,17,73,722,Java
163853,novoda,SQLiteProvider,0,0,0,0,false,232621,14,102,1209,Java
164170,socialcast,socialcast-command-line,21,0,56,16,false,10936,29,189,1364,Ruby
165427,sot,xija,0,0,0,0,false,,10,197,1030,Python
168215,plone,plone.app.contenttypes,0,22,20,127,false,50966,236,655,850,Python
168886,lizardsystem,flooding-lib,0,0,0,0,false,77908,15,708,636,Python
169529,phpmyadmin,website,0,0,0,0,false,290714,10,587,760,Python
169932,racker,rackspace-monitoring-cli,0,0,0,0,false,29558,130,239,816,Python
170425,enthought,encore,45,5,63,8,true,61825,55,262,818,Python
170802,plone,plone.app.workflowmanager,0,0,0,0,false,51002,236,71,837,Python
172825,alphagov,trade-tariff-backend,102,27,106,17,true,178478,113,2032,661,Ruby
178035,abiquo,commons-amqp,0,0,0,0,false,101449,27,302,899,Java
184142,jenkinsci,mercurial-plugin,0,0,0,0,false,73757,298,282,1179,Java
185366,alphagov,smokey,0,0,0,0,false,26162,101,606,841,Ruby
188939,Slowpoke101,FTBLaunch,0,0,0,0,false,,14,580,573,Java
190783,alphagov,trade-tariff-frontend,64,1,271,10,false,178479,97,1351,661,Ruby
194056,DIRACGrid,VMDIRAC,0,0,0,0,false,663849,22,248,863,Python
195656,bcdev,ceres,0,0,0,0,false,,11,1156,1479,Java
196147,projecthydra,hydra-head,101,19,227,37,true,140422,22,1265,1091,Ruby
198021,Kozea,Multicorn,0,0,0,0,false,55206,15,522,1005,Python
201224,enthought,traitsui,20,7,25,17,true,61855,74,1151,1053,Python
202365,thoughtbot,appraisal,18,1,63,10,false,10863,65,322,1211,Ruby
204403,mysociety,whatdotheyknow-theme,0,0,0,0,false,90765,22,404,996,Ruby
208674,nuxeo,nuxeo-platform-login,0,0,0,0,false,1388756,22,386,812,Java
209250,mozilla,mozillians-tests,0,0,0,0,false,26417,42,255,888,Python
210280,saucelabs,sauce-java,0,0,0,0,false,184370,10,126,631,Java
211549,Freeseer,freeseer,277,178,188,30,true,388828,23,2717,1556,Python
213686,zilkey,active_hash,3,5,14,6,false,57700,21,213,1688,Ruby
213856,iFixit,git-scripts,0,0,0,0,false,114631,20,568,776,Ruby
218083,pm4j,org.pm4j,0,0,0,0,false,,11,766,788,Java
218181,openmicroscopy,ome-documentation,1005,37,486,7,true,380239,41,2167,779,Python
219631,jenkinsci,integrity-plugin,0,0,0,0,false,73966,296,111,1101,Java
230938,jenkinsci,analysis-core-plugin,0,0,0,0,false,73540,301,220,1179,Java
230968,ros,genpy,0,0,0,0,false,322926,12,205,845,Python
231370,mozilla,moztrap-tests,0,0,0,0,false,26408,42,293,904,Python
232705,opscode,knife-windows,48,6,50,4,false,143048,60,196,1098,Ruby
234674,plone,plone.app.upgrade,0,0,0,0,false,50928,149,304,893,Python
235039,BlueKai,bluekai_middleware,0,0,0,0,false,286053,27,111,666,Ruby
241678,id774,automaticruby,0,0,0,0,false,,12,285,746,Ruby
242675,xebia,Xebium,6,0,36,13,false,431714,92,172,1239,Java
247032,metsci,glimpse,0,0,0,0,false,,11,172,728,Java
252194,jubatus,jubatus-java-client,0,0,0,0,false,103877,14,102,692,Java
252680,aerogear,aerogear-android,115,2,115,1,false,151733,13,941,605,Java
253596,droolsjbpm,droolsjbpm-tools,0,0,0,0,false,806872,37,452,1120,Java
256086,bitcoin,bitcoin.org,0,0,0,0,false,,10,1493,918,Ruby
257425,inviqa,chef-magento,0,0,73,63,false,120616,57,222,598,Ruby
261125,CocoaPods,Xcodeproj,68,27,309,63,true,7374,31,486,850,Ruby
270016,leonardofl,radar_parlamentar,22,6,243,16,true,423666,17,610,818,Python
274836,jenkinsci,email-ext-plugin,0,0,0,0,false,73630,311,383,1179,Java
278099,jcryptool,crypto,0,0,0,0,false,,12,776,938,Java
285763,tillnagel,unfolding,0,0,0,0,false,201183,12,788,695,Java
288440,alphagov,EFG,24,4,216,35,false,185138,101,2753,660,Ruby
289935,mkovatsc,Californium,2,7,87,9,false,469022,10,781,1088,Java
291425,jenkinsci,starteam-plugin,0,0,0,0,false,73834,301,324,1179,Java
292891,alphagov,design-principles,118,8,732,32,true,26120,117,1251,720,Ruby
294678,4teamwork,ftw.notification.base,0,0,0,0,false,682080,14,184,826,Python
295815,dimagi,casexml,187,70,331,160,true,85560,19,1357,1009,Python
306638,dimagi,dimagi-utils,164,5,251,11,true,85527,19,907,1273,Python
307422,droolsjbpm,jbpm-console-ng,0,0,0,0,false,806886,36,795,570,Java
309466,opscode,bento,61,5,52,1,false,193735,62,362,729,Ruby
309847,threerings,tripleplay,3,0,208,3,false,214326,16,1004,993,Java
313109,sonatype,sisu-goodies,0,0,0,0,false,36861,28,330,855,Java
322949,opscode-cookbooks,firewall,2,3,4,2,false,237050,26,63,722,Ruby
324846,transmart,Rmodules,0,0,0,0,false,697515,11,100,681,Java
326632,omaciel,robottelo,229,81,127,6,true,1799282,12,842,693,Python
331002,janfaessler,FHNW-Informatik-Zusammenfassungen,0,0,0,0,false,,14,312,717,Java
333400,jclouds,jclouds-examples,0,0,0,0,false,267112,19,199,1121,Java
333984,alphagov,gds-sso,0,0,0,0,false,26126,55,343,974,Ruby
344679,plone,Products.ATContentTypes,0,0,0,0,false,50978,149,218,838,Python
344973,plone,plone.app.z3cform,0,0,0,0,false,37332,149,201,898,Python
347655,acm-uiuc,liquid,0,0,0,0,false,207734,11,548,819,Python
352633,rapid7,metasploit_data_models,57,8,282,70,true,323768,32,566,797,Ruby
352799,alphagov,calendars,23,2,85,3,false,26110,90,555,849,Ruby
356033,mojolingo,Telephony-Dev-Box,0,0,0,0,false,91698,11,235,909,Ruby
359432,ooici,coverage-model,0,0,0,0,false,155458,20,618,603,Python
361214,phoet,on_ruby,0,0,0,0,false,58134,10,907,1179,Ruby
380886,mulesoft,dropbox-connector,0,0,0,0,false,107334,74,55,882,Java
394661,devbliss,apitester,0,0,0,0,false,370435,32,129,609,Java
395882,bebanjo,almodovar,13,1,35,15,false,2339,16,140,1428,Ruby
400044,Freeseer,freeseer-docs,77,0,119,2,false,388831,16,299,714,Python
401284,mysociety,theyworkforyou,151,38,435,74,true,90750,20,1314,1492,Python
407274,ros,catkin,0,0,0,0,false,322924,13,1975,850,Python
414409,StratusLab,client,2,0,387,5,false,131172,12,617,683,Python
421417,jcb,CSIRL,0,0,0,0,false,268996,10,166,820,Python
443327,jenkinsci,monitoring-plugin,0,0,0,0,false,73733,310,242,1179,Java
456655,intalio,security,0,0,0,0,false,307136,23,212,1836,Java
458061,lizardsystem,lizard-progress,0,0,0,0,false,77886,15,505,762,Python
462902,nuxeo,nuxeo-platform-importer,0,0,0,0,false,1388754,22,224,812,Java
477331,okfn,ckanext-datahub,0,0,0,0,false,57213,13,120,685,Python
483343,alphagov,govuk_content_api,71,2,172,20,false,98338,100,1031,633,Ruby
497205,ctn-waterloo,nengo,50,32,107,82,true,31764,25,1877,868,Python
504488,jenkinsci,dry-plugin,0,0,0,0,false,73884,308,152,1178,Java
508238,mapserver,msautotest,0,0,0,0,false,232541,15,389,702,Python
511754,paulelliott,authem,32,3,74,11,false,3794,10,151,841,Ruby
517631,puppetlabs,packaging,18,1,16,0,false,137582,171,604,587,Ruby
519893,nuxeo,nuxeo-platform-suggestbox,0,0,0,0,false,1388723,22,169,863,Java
530921,openplanets,jpylyzer,0,1,70,34,false,184265,37,219,764,Python
546037,owncloud,android,1,24,5,78,false,235795,42,1375,558,Java
599522,zenoss,ZenPacks.zenoss.OpenStack,0,0,0,0,false,594874,22,91,1016,Python
614053,mysociety,alaveteli,203,75,421,201,true,209886,31,5853,1192,Ruby
619778,Sage-Bionetworks,schema-to-pojo,0,0,0,0,false,1269958,13,98,661,Java
622343,plone,plone.namedfile,0,0,0,0,false,37312,234,150,898,Python
628032,thoughtbot,shoulda-context,21,3,35,7,false,17885,68,82,1177,Ruby
643805,alphagov,feedback,82,7,221,29,true,215108,66,692,553,Ruby
674069,collective,plone.app.locales,0,0,0,0,false,214673,261,342,551,Python
692866,ArcBees,GWTP,0,0,0,0,false,698266,21,1698,548,Java
696536,SeqWare,seqware,0,0,0,0,false,281295,15,2528,664,Java
699315,buddycloud,channel-directory,0,0,0,0,false,44887,16,78,1044,Java
700952,AF83,desi,4,0,50,1,false,243942,21,105,547,Ruby
706524,TMXCredit,pg_power,31,12,52,13,true,225030,14,195,786,Ruby
731329,nuxeo,nuxeo-dam,0,0,0,0,false,1388724,22,569,827,Java
749842,plone,jenkins.plone.org,0,0,0,0,false,50973,171,134,846,Python
768967,collective,collective.recipe.rsync,0,0,0,0,false,49742,264,108,877,Python
777221,alphagov,support,76,6,224,13,true,243431,105,1152,541,Ruby
801441,Activiti,Activiti,0,0,0,0,false,243623,19,3531,539,Java
805394,collective,Products.feedfeeder,10,2,15,8,false,233085,265,126,540,Python
805498,ceph,ceph-deploy,0,0,0,0,false,448931,37,598,540,Python
824970,SimTk,msmbuilder,116,126,169,124,true,288796,17,1184,553,Python
825924,unknown-horizons,unknown-horizons,0,0,0,0,false,223196,35,8734,1291,Python
834289,plone,plone.app.testing,0,0,0,0,false,50940,176,187,893,Python
834358,jenkinsci,sauce-ondemand-plugin,0,0,0,0,false,73779,306,238,1179,Java
857627,square,dagger,373,66,345,73,true,242760,15,719,581,Java
858413,mulesoft,sqs-connector,0,0,0,0,false,273927,87,104,860,Java
878519,hhru,tornado,0,0,0,0,false,79636,41,248,1283,Python
882004,mulesoft,munit,0,0,0,0,false,107409,82,389,740,Java
896266,spotify,luigi,271,36,178,13,true,246106,101,594,532,Python
899831,Activiti,Activiti-Designer,0,0,0,0,false,404839,11,250,532,Java
913688,mulesoft,mule-common,0,0,0,0,false,273936,79,308,535,Java
914064,DataDog,documentation,0,0,0,0,false,305962,12,517,815,Ruby
930566,railsforcharity,spokenvote,206,121,183,83,true,363447,11,671,529,Ruby
931243,liqd,adhocracy,208,151,321,300,true,354961,12,4890,529,Python
937082,lizardsystem,lizard-rainapp,0,0,0,0,false,77901,13,122,661,Python
944137,mapmyfitness,python-zuora,0,0,0,0,false,283574,10,182,531,Python
954912,metamx,http-client,0,0,0,0,false,63299,14,107,996,Java
956098,autotest,virt-test,0,0,0,0,false,1224419,25,5447,527,Python
988294,facebook,swift,0,0,0,0,false,272564,17,354,666,Java
990455,pbs,django-cms-dbtemplates,0,0,0,0,false,83282,42,218,883,Python
1028405,openshift,origin-dev-tools,0,0,0,0,false,264447,155,335,532,Ruby
1042189,mozilla,webpay,2,0,14,28,false,263459,30,1184,521,Python
1097375,mozilla-services,wimms,0,0,0,0,false,39052,11,65,734,Python
1199766,iGoDigital-LLC,stages,4,1,8,5,false,403510,11,119,784,Ruby
1292559,owncloud,documentation,0,0,0,0,false,349962,167,1024,496,Python
1344612,scikit-image,scikit-image,1157,499,372,32,true,267176,12,1880,973,Python
1344878,opscode,chef-docs,0,0,0,0,false,322273,75,3483,605,Python
1347553,openshift,origin-server,0,0,0,0,false,277668,139,11850,684,Ruby
1350393,metamx,druid,0,0,0,0,false,578446,20,2815,499,Java
1358732,qiime,qiime,0,0,0,0,false,1526492,28,4267,508,Python
1361512,rackspace,pyrax,109,24,286,33,true,325183,12,614,525,Python
1366147,neo4j,neo4j,0,0,0,0,false,283215,29,8310,479,Java
1366976,LiveRamp,hank,0,0,0,0,false,603464,10,486,1126,Java
1381021,gitlabhq,gitlab-ci,130,33,181,35,true,299791,14,572,512,Ruby
1392964,kijiproject,kijiproject.github.com,0,0,0,0,false,683693,18,513,477,Ruby
1393059,kijiproject,kiji-schema,0,0,0,0,false,683684,18,724,477,Java
1393874,imvu,imvujs,0,0,0,0,false,503819,62,611,622,Python
1397979,aws,aws-sdk-ruby,189,47,376,56,true,332081,22,979,966,Ruby
1403672,menro,NewTech,1,20,2,115,false,422825,17,460,477,Ruby
1420893,nuxeo,NuxeoTraining,0,0,0,0,false,1388813,22,303,636,Java
1433342,4teamwork,ftw.contentpage,0,0,0,0,false,682162,19,909,492,Python
1448496,sc3,cookcountyjail,0,0,0,13,false,471661,10,389,472,Python
1502958,4teamwork,ftw.participation,0,0,0,0,false,682091,14,261,826,Python
1504740,Connexions,webview,455,39,1018,81,true,292478,20,1999,601,Python
1517998,plivo,plivo-java,0,0,0,1,false,38375,10,279,899,Java
1533497,mulesoft,google-connectors-suite,0,0,0,0,false,327430,85,294,482,Java
1545591,opf,openproject,1183,612,1097,510,true,647106,18,12715,463,Ruby
1561176,jkelabora,rhok-plan-generator,5,0,52,12,false,1174223,13,315,460,Ruby
1611658,mozilla,MakeAPI,455,79,313,14,true,348015,26,460,469,Python
1639388,Bigpoint,icinga,47,23,173,22,true,372160,50,773,525,Ruby
1686129,plataformatec,faraday-http-cache,26,7,67,14,true,351069,28,234,758,Ruby
1711636,dianping,cat,87,67,58,16,true,507118,14,1132,456,Java
1756850,Alfresco,alfresco-android-app,0,0,0,0,false,553092,31,442,570,Java
1803672,mulesoft,mule,0,0,0,0,false,442699,39,15407,454,Java
1881412,4teamwork,ftw.publisher.core,0,0,0,0,false,682044,14,200,1081,Python
1912872,aws,aws-cli,312,94,417,43,true,388555,22,846,471,Python
1922523,balanced,balanced-docs,124,33,265,111,true,377419,14,705,448,Python
1931310,pentaho,pentaho-commons-gwt-modules,0,0,0,0,false,882131,49,968,636,Java
1938026,okfn,ckanext-iati,0,0,0,0,false,57147,14,591,842,Python
1938308,pbs,cmsplugin-feed,0,0,0,0,false,409227,50,56,477,Python
1944625,mulesoft,box-connector,0,0,0,0,false,349748,87,150,735,Java
1967265,CodeMontageHQ,codemontage,20,3,19,3,false,980318,14,288,421,Ruby
1989295,collective,collective.usermanual,0,0,0,1,false,341857,320,76,474,Python
1989677,pentaho,pentaho-platform,0,0,0,0,false,882133,49,3779,636,Java
2264276,rcbops-cookbooks,nova-network,0,0,0,0,false,1128696,16,337,447,Ruby
2291113,pentaho,pentaho-reporting,0,0,0,0,false,882140,49,1269,422,Java
2294498,lisa-lab,pylearn2,665,335,349,90,true,422707,12,1245,1200,Python
2367064,asciidoctor,asciidoctor,425,61,506,49,true,433499,38,988,643,Ruby
2369446,DirectEmployers,MyJobs,0,0,0,0,false,507513,14,3542,829,Python
2377334,forcedotcom,phoenix,0,0,0,0,false,437451,35,1354,413,Java
2466155,cubesystems,releaf,1,0,145,98,false,477716,11,1223,423,Ruby
2488944,Netflix,RxJava,0,0,0,0,false,653233,14,1429,422,Java
2565868,futures,fcrepo4,381,13,897,18,true,446622,10,2337,396,Java
2892743,Tribler,tribler,0,0,0,0,false,730912,16,5967,374,Python
2909103,praekelt,vumi-go,877,674,1474,1041,true,493540,17,7636,986,Python
3055228,Parquet,parquet-mr,429,42,632,42,true,498271,13,1350,378,Java
3056066,ruby,www.ruby-lang.org,448,4,401,1,false,501035,41,1988,946,Ruby
3056652,gittip,www.gittip.com,841,184,1646,282,true,498341,35,3304,643,Python
3074577,RiotGames,ridley,177,37,297,59,true,505215,15,728,574,Ruby
3105682,camptocamp,c2cgeoportal,314,185,516,195,true,530573,26,3737,820,Python
3213962,rackerlabs,stacktach,152,12,105,2,false,539596,231,538,547,Python
3216686,rackerlabs,repose,0,0,0,0,false,539556,227,3230,979,Java
3219077,learningequality,ka-lite,0,0,0,0,false,870583,18,1970,543,Python
3263294,hylang,hy,515,92,319,8,true,815310,14,820,446,Python
3411412,RedHatQE,cfme_tests,0,0,0,4,false,843866,17,1136,393,Python
3411703,projecthydra,sufia,213,68,383,133,true,822941,20,1110,414,Ruby
3604984,mdsol,crichton,0,0,0,0,false,878750,356,1288,393,Ruby
3821279,zanata,zanata-server,11,4,18,19,false,1023529,14,7240,1092,Java
3825551,bundler,bundler,135,173,148,88,true,937962,25,1330,1500,Ruby
3963440,rackerlabs,otter,0,0,0,0,false,984031,30,4109,517,Python
4571553,playframework,play1,0,0,0,0,false,772111,18,2257,1301,Python
4835098,mysociety,pombola,2,2,7,29,false,90767,30,2554,976,Python
